{
    "copper": {
        "template": "uniform",
        "block": "ThermalFoundation:Ore",
        "clusterSize": 16,
        "numClusters": 20,
        "minHeight": 0,
        "maxHeight": 64,
        "retrogen": "true",
        "biomeRestriction": "none",
        "biomes": [
            "all"
        ],
        "dimensionRestriction": "blacklist",
        "dimensions": [
            -1,
            1
        ]
    },
    "tin": {
        "template": "uniform",
        "block": {"name": "ThermalFoundation:Ore", "metadata": 1},
        "clusterSize": 16,
        "numClusters": 20,
        "minHeight": 0,
        "maxHeight": 64,
        "retrogen": "true",
        "biomeRestriction": "none",
        "biomes": [
            "all"
        ],
        "dimensionRestriction": "blacklist",
        "dimensions": [
            -1,
            1
        ]
    },
    "silver": {
        "template": "uniform",
        "block": [
            {"name": "ThermalFoundation:Ore", "metadata": 2, "weight":80},
            {"name": "ThermalFoundation:Ore", "metadata": 3, "weight":20}
        ],
        "clusterSize": 12,
        "numClusters": 20,
        "minHeight": 0,
        "maxHeight": 48,
        "retrogen": "true",
        "biomeRestriction": "none",
        "biomes": [
            "all"
        ],
        "dimensionRestriction": "blacklist",
        "dimensions": [
            -1,
            1
        ]
    },
    "lead": {
        "template": "uniform",
        "block": [
            {"name": "ThermalFoundation:Ore", "metadata": 3, "weight": 90},
            {"name": "ThermalFoundation:Ore", "metadata": 2, "weight": 10}
        ],
        "clusterSize": 16,
        "numClusters": 25,
        "minHeight": 0,
        "maxHeight": 64,
        "retrogen": "true",
        "biomeRestriction": "none",
        "biomes": [
            "all"
        ],
        "dimensionRestriction": "blacklist",
        "dimensions": [
            -1,
            1
        ]
    },
    "nickel": {
        "template": "uniform",
        "block": {"name": "ThermalFoundation:Ore", "metadata": 4},
        "clusterSize": 8,
        "numClusters": 16,
        "minHeight": 0,
        "maxHeight": 48,
        "retrogen": "true",
        "biomeRestriction": "none",
        "biomes": [
            "all"
        ],
        "dimensionRestriction": "blacklist",
        "dimensions": [
            -1,
            1
        ]
    },
    "platinum": {
        "template": "uniform",
        "generator": "sparse-cluster",
        "block": [
            {"name": "ThermalFoundation:Ore", "metadata": 5, "weight": 80},
            {"name": "ThermalFoundation:Ore", "metadata": 4, "weight": 20}
        ],
        "clusterSize": 8,
        "numClusters": 16,
        "minHeight": 0,
        "maxHeight": 32,
        "retrogen": "true",
        "biomeRestriction": "none",
        "biomes": [
            "all"
        ],
        "dimensionRestriction": "blacklist",
        "dimensions": [
            -1,
            1
        ]
    },
    "copperHigh": {
        "template": "uniform",
        "block": "ThermalFoundation:Ore",
        "clusterSize": 0,
        "numClusters": 0,
        "minHeight": 0,
        "maxHeight": 0,
        "retrogen": "true",
        "biomeRestriction": "none",
        "biomes": [
            "all"
        ],
        "dimensionRestriction": "blacklist",
        "dimensions": [
            -1,
            1
        ]
    }
}