{
    "dirt": {
        "template": "uniform",
        "block": "dirt",
        "material": "minecraft:stone",
        "clusterSize": 32,
        "numClusters": 20,
        "minHeight": 0,
        "maxHeight": 128,
        "retrogen": "false",
        "biomeRestriction": "none",
        "biomes": [],
        "dimensionRestriction": "blacklist",
        "dimensions": [
            -1,
            1
        ]
    },
    "gravel": {
        "template": "uniform",
        "block": "gravel",
        "material": "stone",
        "clusterSize": 32,
        "numClusters": 10,
        "minHeight": 0,
        "maxHeight": 128,
        "retrogen": "false",
        "biomeRestriction": "none",
        "biomes": [],
        "dimensionRestriction": "blacklist",
        "dimensions": [
            -1,
            1
        ]
    },
    "coal": {
        "template": "uniform",
        "block": "coal_ore",
        "material": "stone",
        "clusterSize": 20,
        "numClusters": 25,
        "minHeight": 0,
        "maxHeight": 128,
        "retrogen": "true",
        "biomeRestriction": "none",
        "biomes": [],
        "dimensionRestriction": "blacklist",
        "dimensions": [
            -1,
            1
        ]
    },
    "iron": {
        "template": "uniform",
        "block": "iron_ore",
        "material": "minecraft:stone",
        "clusterSize": 16,
        "numClusters": 20,
        "minHeight": 0,
        "maxHeight": 64,
        "retrogen": "true",
        "biomeRestriction": "none",
        "biomes": [],
        "dimensionRestriction": "blacklist",
        "dimensions": [
            -1,
            1
        ]
    },
    "gold": {
        "template": "uniform",
        "block": "gold_ore",
        "material": "minecraft:stone",
        "clusterSize": 12,
        "numClusters": 18,
        "minHeight": 0,
        "maxHeight": 64,
        "retrogen": "true",
        "biomeRestriction": "none",
        "biomes": [],
        "dimensionRestriction": "blacklist",
        "dimensions": [
            -1,
            1
        ]
    },
    "redstone": {
        "template": "uniform",
        "block": "redstone_ore",
        "material": "minecraft:stone",
        "clusterSize": 8,
        "numClusters": 15,
        "minHeight": 0,
        "maxHeight": 64,
        "retrogen": "true",
        "biomeRestriction": "none",
        "biomes": [],
        "dimensionRestriction": "blacklist",
        "dimensions": [
            -1,
            1
        ]
    },
    "diamond": {
        "template": "uniform",
        "block": "diamond_ore",
        "material": "minecraft:stone",
        "clusterSize": 10,
        "numClusters": 5,
        "minHeight": 0,
        "maxHeight": 32,
        "retrogen": "true",
        "biomeRestriction": "none",
        "biomes": [],
        "dimensionRestriction": "blacklist",
        "dimensions": [
            -1,
            1
        ]
    },
    "lapis": {
        "template": "normal",
        "block": "lapis_ore",
        "material": "minecraft:stone",
        "clusterSize": 12,
        "numClusters": 10,
        "meanHeight": 16,
        "maxVariance": 40,
        "retrogen": "true",
        "biomeRestriction": "none",
        "biomes": [],
        "dimensionRestriction": "blacklist",
        "dimensions": [
            -1,
            1
        ]
    },
    "quartz": {
        "template": "uniform",
        "block": "quartz_ore",
        "material": "minecraft:netherrack",
        "clusterSize": 16,
        "numClusters": 32,
        "minHeight": 0,
        "maxHeight": 200,
        "retrogen": "true",
        "biomeRestriction": "whitelist",
        "biomes": [
            {"type": "dictionary", "entry": "NETHER"}
        ],
        "dimensionRestriction": "none",
        "dimensions": []
    }
}